{"ordered_label_list": ["EX_TOTAL", "NET_VALUE_TOTAL", "210", "211", "M011-USA", "M026-USA", "M030-USA", "M032-USA", "M090-USA", "M100-USA", "M108-USA", "M112-USA", "M087-USA", "M128-USA", "M018-USA", "M023-USA", "M046-USA", "M110-USA", "M121-USA"], "ordered_internal_codenames": ["EX_TOTAL", "NET_VALUE_TOTAL", "210", "211"], "ordered_external_keys": ["M011-USA", "M026-USA", "M030-USA", "M032-USA", "M090-USA", "M100-USA", "M108-USA", "M112-USA", "M087-USA", "M128-USA", "M018-USA", "M023-USA", "M046-USA", "M110-USA", "M121-USA"], "selected_objective": ["200"], "excluded_labels": [], "sensitivity_result_mean": [0.02673821911845706, 0.02645158598853784, 0.02544961443716906, 0.09920522174932464, 0.039206920925550476, 0.06352475937519396, 0.06352475937519396, 0.07601089094265696, 0.029122545227947057, 0.03604412933638707, 0.10947288041057142, 0.029462391453855187, 0.0033858129152897474, 0.06352475937519396, 0.010401284512115978, 0.06352475937519396, 0.06352475937519396, 0.13622029111128584, 0.03520441499488183], "sensitivity_result_std": [0.03411070437992185, 0.030641605295137524, 0.03424059325552093, 0.06082433445688392, 0.033226492806209935, 0.06653160831839142, 0.06983420921522718, 0.027719994222094136, 0.03641046531548821, 0.03513590136670103, 0.04372507190405031, 0.035081820387754085, 0.015969616280952392, 0.06759769332487077, 0.021386660316367562, 0.07204660913425369, 0.031837091324828495, 0.05245941486462748, 0.051682395729693825]}